,rating,seat_comfort,cabin_staff_service,food_beverages,ground_service,value_for_money,entertainment
rating,1.0,-0.001596219111082776,0.0018254230921558483,-0.015373503177323595,0.04397232851586346,0.012776111299984542,0.031366093396940554
seat_comfort,-0.001596219111082776,1.0,0.6190691503126763,0.5503513423309992,0.539374874309636,0.6843057291089372,0.3165351884920375
cabin_staff_service,0.0018254230921558483,0.6190691503126763,1.0,0.6512177816444711,0.5046535933401027,0.6542878527304631,0.23266011022416255
food_beverages,-0.015373503177323595,0.5503513423309992,0.6512177816444711,1.0,0.45280340038515127,0.6250172145314309,0.4133719264629648
ground_service,0.04397232851586346,0.539374874309636,0.5046535933401027,0.45280340038515127,1.0,0.6119453156167105,0.24457200583957525
value_for_money,0.012776111299984542,0.6843057291089372,0.6542878527304631,0.6250172145314309,0.6119453156167105,1.0,0.285716252328172
entertainment,0.031366093396940554,0.3165351884920375,0.23266011022416255,0.4133719264629648,0.24457200583957525,0.285716252328172,1.0
